"	ability"	[ә'biliti]	n. 能力,能耐,本领
"	above"	[ә'bʌv]	prep. 在…上面,高于
"	absolutely"	['æbsәlu:tli]	ad. 完全地,绝对地
"	abuse"	[ә'bju:z, ә'bju:s]	vt. 滥用,虐待 n. 滥用
"	accepted"	[әk'septid]	a.  一般承认的,公认的
"	accuse"	[ә'kju:z]	vt. 指责,归咎于
"	achieve"	[ә'tʃi:v]	vt. 完成,实现,达到
"	active"	['æktiv]	a. 活跃的,积极的
"	activity"	[æk'tiviti]	n. 活动,活力,行动
"	addition"	[ә'diʃәn]	n. 加,加法,附加物
"	address"	[ә'dres]	n. 地址,演说,谈吐
"	administration"	[әdminis'treiʃәn]	n. 管理,管理部门
"	admit"	[әd'mit]	vt. 承认,准许…进入
"	adopt"	[ә'dɔpt]	vt. 收养,采用,采取
"	adult"	['ædʌlt]	n. 成年人 a. 成年的
"	advance"	[әd'va:ns]	vi. 前进,提高 n. 进展
"	advantage"	[әd'va:ntidʒ]	n. 优点,优势,好处
"	advice"	[әd'vais]	n. 劝告,忠告,意见
"	affair"	[ә'fɛә]	n. 事情,事件,事务
"	affect"	[ә'fekt]	vt. 影响,感动
"	afternoon"	['a:ftә'nu:n]	n. 下午,午后
"	agency"	['eidʒәnsi]	n. 经办,代理,代理处
"	agent"	['eidʒәnt]	n. 代理人,代理商
"	agreement"	[ә'gri:mәnt]	n. 协定,协议,同意
"	ahead"	[ә'hed]	ad. 在前,向前,提前
"	AIDS"		n. 艾滋病，即获得性免疫缺损综合症
"	aim"	[eim]	vi. 瞄准,针对,致力
"	aircraft"	['ɛәkra:ft]	n. 飞机,飞行器
"	airline"	['ɛәlain]	n. 航空公司,航线
"	airport"	['ɛәpɔ:t]	n. 机场,航空站
"	album"	['ælbәm]	n. 集邮本,照相簿,唱片
"	allege"	[ә'ledʒ]	vt. 宣称,申述,主张,断言
"	all right"		→ right 成语
"	ally"	['ælai, ә'lai]	n. 盟国,同盟者,伙伴
"	alone"	[ә'lәun]	a. 单独的 ad. 单独地
"	alternative"	[ɔ:l'tә:nәtiv]	n. 替换物,两者选一的
"	amount"	[ә'maunt]	n. 总数,数量,和
"	analyst"	['ænәlist]	n. 分析者
"	animal"	['ænimәl]	n. 动物,兽 a. 动物的
"	annual"	['ænjuәl]	a. 每年的 n. 年报
"	anyone"	['eniwʌn]	pron. 任何人
"	anyway"	['eniwei]	ad. 无论如何
"	apart"	[ә'pa:t]	ad. 相隔,分开,除去
"	apparently"	[ә'pærәntli]	ad. 看来，显然地
"	appeal"	[ә'pi:l]	vi. n. 呼吁,申述
"	appearance"	[ә'piәrәns]	n. 出现,来到,外观
"	apply"	[ә'plai]	vt. 应用,实施,使用
"	approach"	[ә'prәutʃ]	vt. 向…靠近 n. 靠近
"	approve"	[ә'pru:v]	vt. 赞成,批准
"	April"	['eiprәl]	n. 四月
"	aren't"		不是
"	argue"	['a:gju:]	vi. 争论,争辩,辩论
"	argument"	['a:gju:mәnt]	n. 争论,辩论,理由
"	armed"	[ɑ:md]	a.  武装的,有防卫器官的
"	arrange"	[ә'reindʒ]	vt. 筹备,整理,调解
"	arrest"	[ә'rest]	vt. 逮捕,拘留
"	arrive"	[ә'raiv]	vi. 到达
"	article"	['a:tikl]	n. 文章,条款,物品
"	artist"	['a:tist]	n. 艺术家,美术家
"	aspect"	['æspekt]	n. 方面,样子,外表
"	assess"	[ә'ses]	vt. 对(财产等)估价
"	asset"	['æset]	n.  资产,有用的东西
"	association"	[әsәusi'eiʃәn]	n. 协会,团体,联合
"	assume"	[ә'sju:m]	vt. 假定,承担,呈现
"	attend"	[ә'tend]	vt. 出席,照顾,护理
"	attention"	[ә'tenʃәn]	n. 注意,留心,注意力
"	attitude"	['ætitju:d]	n. 态度,看法,姿势
"	attract"	[ә'trækt]	vt. 吸引,诱惑
"	audience"	['ɔ:djәns]	n. 听众,观众
"	August"	[ɔ:'gʌst]	n. 八月
"	aunt"	[a:nt]	n. 伯母,婶母,姑母
"	author"	['ɔ:θә]	n. 作者,作家
"	average"	['ævәridʒ]	n. 平均数 a. 平均的
"	avoid"	[ә'vɔid]	vt. 避免,躲开,撤消
"	award"	[ә'wɔ:d]	n. 奖,奖品,判定
"	aware"	[ә'wɛә]	a. 知道的,意识到的
"	baby"	['beibi]	n. 婴儿
"	bag"	[bæg]	n. 袋,包
"	balance"	['bælәns]	vt. 使平衡,称 n. 天平
"	ball"	[bɔ:l]	n. 球,舞会
"	ban"	[bæn]	n.  禁令 vt.  禁止,取缔
"	band"	[bænd]	n. 乐队,带,波段
"	bar"	[ba:]	n. 酒吧间,条,杆
"	basic"	['beisik]	a. 基本的,基础的
"	basis"	['beisis]	n. 基础,根据
"	battle"	['bætl]	n. 战役,斗争 vi. 作战
"	bear"	[bɛә]	vt. 容忍,负担,生育
"	beautiful"	['bju:tiful]	a. 美的,美丽的
"	bed"	[bed]	n. 床,苗圃,河床
"	behaviour"	[bi'heivjә]	n. 行为，举止；(机器的)特性
"	below"	[bi'lәu]	prep. 在…下面(以下)
"	benefit"	['benifit]	n. 利益,恩惠,津贴
"	beyond"	[bi'jɔnd]	prep. 在…的那边
"	bid"	[bid]	n.  出价 vt. vi. 命令,吩咐,投标
"	bill"	[bil]	n. 账单,招贴,票据
"	bird"	[bә:d]	n. 鸟,禽
"	blame"	[bleim]	vt. 责备,把…归咎于
"	block"	[blɔk]	n. 街区 vt. 堵塞,拦阻
"	blood"	[blʌd]	n. 血液,血统
"	blow"	[blәu]	vi. 吹,吹动,吹响
"	board"	[bɔ:d]	n. 板
"	boat"	[bәut]	n. 小船,艇,渔船
"	bomb"	[bɔm]	n. 炸弹 vt. 轰炸
"	bond"	[bɔnd]	n. 联结,联系,债券
"	border"	['bɔ:dә]	n. 边缘,边界
"	born"	[bɔ:n]	a. 天生的,出生的
"	boss"	[bɔs]	n. 老板,上司 vt. 指挥
"	bottle"	['bɔtl]	n. 瓶子
"	bottom"	['bɔtәm]	n. 底,底部,根基
"	box"	[bɔks]	n. 箱,盒,包箱
"	brain"	[brein]	n. 脑,脑力
"	bridge"	[bridʒ]	n. 桥梁,桥牌
"	brief"	[bri:f]	a. 简短的 vt. 作简报
"	bright"	[brait]	a. 明亮的,聪明的
"	broad"	[brɔ:d]	a. 宽的,阔的,广泛的
"	budget"	['bʌdʒit]	n. 预算
"	burn"	[bә:n]	vi. 烧,燃烧
"	cabinet"	['kæbinit]	n. 橱,柜,内阁
"	camera"	['kæmәrә]	n. 照相机,摄影机
"	camp"	[kæmp]	n. 野营,营地,兵营
"	cancer"	['kænsә]	n. 癌,癌症
"	candidate"	['kændidit]	n. 候选人,投考者
"	captain"	['kæptin]	n. 陆军上尉,队长
"	caption"	[kæpʃәn]	n. 标题
"	card"	[ka:d]	n. 卡片,名片
"	career"	[kә'riә]	n. 生涯,职业,经历
"	careful"	['kɛәful]	a. 仔细的,细致的
"	cash"	[kæʃ]	n. 现金,现款
"	cast"	[ka:st]	vt. 投,扔,抛,浇铸
"	catch"	[kætʃ]	vt. 捉住,赶上,领会
"	cell"	[sel]	n. 细胞,小房间
"	certain"	['sә:tәn]	a. 确实的,肯定的
"	certainly"	['sә:tәnli]	ad. 一定,必定,当然
"	chair"	[tʃɛә]	n. 椅子
"	chairman"	['tʃɛәmәn]	n. 主席
"	challenge"	['tʃælәndʒ]	n. 挑战
"	champion"	['tʃæmpjәn]	n. 冠军
"	championship"	['tʃæmpjәnʃip]	n. 冠军
"	channel"	['tʃænl]	n. 海峡,渠道,频道
"	chapter"	['tʃæptә]	n. 章,回,篇
"	character"	['kæriktә]	n. 性格,特性,角色
"	cheap"	[tʃi:p]	a. 廉价的,劣质的
"	check"	[tʃek]	n. 支票
"	chemical"	['kemikl]	a. 化学的 n. 化学制品
"	choice"	[tʃɔis]	n. 选择
"	choose"	[tʃu:z]	vt. 选择,挑选
"	Christian"	['kristjәn]	n. 基督教徒
"	Christmas"	['krismәs]	n. 圣诞节
"	church"	[tʃә:tʃ]	n. 教堂,教会
"	circle"	['sә:kl]	n. 圆圈,圈子
"	citizen"	['sitizn]	n. 公民,市民,居民
"	City"	['siti]	n. 城市
"	civil"	['sivl]	a. 公民的,文职的
"	classic"	['klæsik]	n. 名著,杰作 a. 经典的,古典的
"	clean"	[kli:n]	a. 清洁的,纯洁的
"	clothes"	[klәuðz]	n. 服装,被褥
"	coach"	[kәutʃ]	n. 长途公共汽车
"	coast"	[kәust]	n. 海岸,海滨(地区)
"	cold"	[kәuld]	a. 冷的,冷淡的 n. 冷
"	collapse"	[kә'læps]	vi. 倒坍,崩溃,瓦解
"	colleague"	['kɔli:g]	n. 同事
"	collect"	[kә'lekt]	vt. 收集
"	collection"	[kә'lekʃәn]	n. 收集,收藏品
"	college"	['kɔlidʒ]	n. 学院,大学
"	comment"	['kɔment]	n. 评论,意见,注释
"	commercial"	[kә'mә:ʃәl]	a. 商业的,商品化的
"	commission"	[kә'miʃәn]	n. 委任状,委任
"	commit"	[kә'mit]	vt. 犯(错误),干(坏事)
"	communist"	['kɔmjunist]	n. 共产党员
"	competition"	[kɔmpә'tiʃәn]	n. 竞争,比赛
"	complain"	[kәm'plein]	vi. 抱怨,拆苦,控告
"	complex"	['kɔmpleks]	a. 结合的,复杂的
"	computer"	[kәm'pju:tә]	n. 计算机
"	conduct"	['kɔndәkt, kәn'dʌkt]	n. 举止,行为,指导
"	confidence"	['kɔnfidәns]	n. 信任,信心
"	confirm"	[kәn'fә:m]	vt. 证实,肯定,批准
"	conflict"	['kɔnflikt, kәn'flikt]	n. 争论,冲突,斗争
"	conservative"	[kәn'sә:vәtiv]	a. 保守的 n. 保守的人
"	considerable"	[kәn'sidәrәbl]	a. 相当大的,重要的
"	constant"	['kɔnstәnt]	a. 经常的,永恒的
"	consumer"	[kәn'sju:mә]	n. 消费者,用户
"	contact"	['kɔntækt, kәn'tækt]	vt. 使接触,与…联系
"	contain"	[kәn'tein]	vt. 包含,容纳
"	contract"	['kɔntrækt, kәn'trækt]	n. 契约,合同
"	cook"	[kuk]	vt. 烹调,煮
"	cool"	[ku:l]	a. 凉的,冷静的
"	copy"	['kɔpi]	n. 抄件,拷贝 vt. 抄写,复制
"	corner"	['kɔ:nә]	n. 角,犄角,边远地区
"	correct"	[kә'rekt]	a. 正确的 vt. 纠正
"	correspondent"	[kɔris'pɔndәnt]	n. 记者
"	count"	[kaunt]	vt. 计算 vi. 数,计数
"	county"	['kaunti]	n. 郡,县
"	couple"	['kʌpl]	n. 夫妇,一对,几个
"	cousin"	['kʌzn]	n. 堂(表)兄弟(姐妹)
"	crash"	[kræʃ]	vi. 碰撞,坠落 n. 碰撞
"	credit"	['kredit]	n. 信用,分数
"	crime"	[kraim]	n. 罪,罪行,犯罪
"	criminal"	['kriminl]	n. 罪犯
"	crisis"	['kraisis]	n. 危机
"	critic"	['kritik]	n. 批评家,爱挑剔的人
"	critical"	['kritikәl]	a. 决定性的,批评的
"	criticism"	['kritisizәm]	n. 批评,批判,评论
"	cross"	[krɔs]	vt. 穿过,使交叉
"	crowd"	[kraud]	n. 群,大众,一伙人
"	cry"	[krai]	vi. 哭泣,叫喊
"	culture"	['kʌltʃә]	n. 文化,文明,教养
"	currency"	['kʌrәnsi]	n. 通货,货币,流通
"	customer"	['kʌstәmә]	n. 顾客,主顾
"	daily"	['deili]	a. 每日的 n. 日报
"	damage"	['dæmidʒ]	vt. 损害,毁坏 n. 损害
"	dance"	[da:ns]	vi. 跳舞 n. 舞
"	danger"	['deindʒә]	n. 危险
"	dangerous"	['deindʒrәs]	a. 危险的
"	dark"	[da:k]	a. 暗的,黑色的
"	data"	['deitә]	n. 数据,资料
"	date"	['deit]	n. 日期,约会
"	dead"	[ded]	a. 死的
"	death"	[deθ]	n. 死亡
"	debate"	[di'beit]	n. vi. 争论,辩论
"	debt"	[det]	n. 债务,欠债
"	decade"	['dekeid]	n. 十年
"	December"	[di'sembә]	n. 十二月
"	declare"	[di'klɛә]	vt. 断言,声明
"	decline"	[di'klain]	vt. 下倾,偏斜,衰退
"	deep"	[di:p]	a. 深的,纵深的
"	defeat"	[di'fi:t]	vt. 战胜,击败
"	defence"	[di'fens]	n. 防御,辩护
"	defend"	[di'fend]	vt. 保卫,防守
"	deficit"	['difisit]	n. 赤字,不足额
"	degree"	[di'gri:]	n. 程度,度,学位
"	delay"	[di'lei]	vt. 推迟,耽搁,延误
"	deliver"	[di'livә]	vt. 投递,送交
"	democracy"	[di'mɔkrәsi]	n. 民主,民主制
"	democrat"	['demәkræt]	n. 民主主义者，民主人士
"	democratic"	[demә'krætik]	a. 民主的
"	deny"	[di'nai]	vt. 否认,拒绝
"	depend"	[di'pend]	vi. 依靠,依赖
"	deputy"	['depjuti]	n.  代理人,代表,副警长
"	desire"	[di'zaiә]	vt. 相望,要求 n. 愿望
"	desk"	[desk]	n. 书桌,办公桌
"	despite"	[dis'pait]	prep. 不管,不顾
"	destroy"	[dis'trɔi]	vt. 破坏,消灭
"	detail"	['di:teil]	n. 细节
"	determine"	[di'tә:min]	vt. 决定,决心
"	diet"	['daiәt]	n. 饮食,食物
"	difference"	['difrәns]	n. 差别,分歧
"	difficulty"	['difikәlti]	a. 困难
"	dinner"	['dinә]	n. 正餐,宴会
"	direction"	[di'rekʃәn]	n. 方向,指导
"	discover"	[dis'kʌvә]	vt. 发现,暴露,显示
"	discuss"	[dis'kʌs]	vt. 讨论
"	discussion"	[dis'kʌʃәn]	n. 讨论
"	disease"	[di'zi:z]	n. 疾病
"	dismiss"	[dis'mis]	vt. 解雇,解散
"	display"	[dis'plei]	vt. 陈列,展览,显示
"	dispute"	[dis'pju:t]	vi. n. 争论,争执
"	distance"	['distәns]	n. 距离,远处
"	district"	['distrikt]	n. 地区,区域
"	divide"	[di'vaid]	vt. 分开,分配,除
"	division"	[di'viʒәn]	n. 部门,师,分开,除法
"	doctor"	['dɔktә]	n. 医生,博士
"	document"	['dɔkjumәnt]	n. 公文,文件
"	dog"	[dɔg]	n. 狗
"	domestic"	[dә'mestik]	a. 本国的,家庭的
"	dominate"	['dɔmineit]	vt. 统治,支配,控制
"	double"	['dʌbl]	a. 两倍的,双的
"	doubt"	[daut]	n. 怀疑,疑虑 vt. 怀疑
"	dozen"	['dʌzn]	n. 一打,十二个
"	dramatic"	[drә'mætik]	a. 戏剧性的
"	dream"	[dri:m]	n. 梦,梦想 vi. 做梦
"	dress"	[dres]	n. 女服,童装,服装
"	drink"	[driŋk]	vt. 喝 n. 饮料
"	drop"	[drɔp]	vt. 使落下,降低
"	dry"	[drai]	a. 干燥的
"	due"	[dju:]	a. 预期的,应给的
"	duty"	['dju:ti]	n. 职责,责任,税
"	earlier"		a.  早的,初期的;ad.  早地,初期的
"	earn"	[ә:n]	vt. 挣得,获得
"	earth"	[ә:θ]	n. 地球,陆地,地面
"	eastern"	['i:stәn]	a. 东方的,朝东的
"	eat"	[i:t]	vt. 吃
"	economics"	[i:kә'nɔmiks]	n. 经济学
"	edge"	[edʒ]	n. 边缘,刀口
"	edition"	[i'diʃәn]	n. 版本
"	editor"	['editә]	n. 编辑,编者
"	effective"	[i'fektiv]	a. 有效的,有影响的
"	egg"	[eg]	n. 蛋,卵
"	eighteenth"	['ei'ti:nθ]	a.  第十八的,第十八,第十八日
"	eighth"	[eitθ]	num. 第八 n. 八分之一
"	eightieth"	['eitiiθ]	a.  第八十的,第八十,八十分之一的
"	elect"	[i'lekt]	vt. 选举,推选
"	element"	['elimәnt]	n. 成分,要素,元素
"	eleventh"	[i'levnθ]	num. 第十一(个)
"	emerge"	[i'mә:dʒ]	vi. 出现,涌现,冒出
"	emergency"	[i'mә:dʒәnsi]	n. 紧急情况,突然事件
"	employee"	[emplɔi'i:]	n. 雇员
"	encourage"	[in'kʌridʒ]	vt. 鼓励,支持,助长
"	energy"	['enәdʒi]	n. 活力,精力,能量
"	engine"	['endʒin]	n. 发动机,引擎
"	enjoy"	[in'dʒɔi]	vt. 享受,欣赏,喜爱
"	ensure"	[in'ʃuә]	vt. 保证,保护,担保
"	enter"	['entә]	vt. 进入,参加
"	entire"	[in'taiә]	a. 全部的,彻底的
"	entry"	['entri]	n. 入口处,登记,进入
"	environment"	[in'vaiәrәnmәnt]	n. 环境,外界,围绕
"	environmental"	[invaiәrәn'mentl]	a. 环境的
"	equal"	['i:kwәl]	a. 相等的,平等的
"	equipment"	[i'kwipmәnt]	n. 装备,设备,配备
"	escape"	[is'keip]	vi. 逃跑,逸出 n. 逃跑
"	especially"	[is'peʃәli]	ad. 特别,尤其,格外
"	essential"	[i'senʃәl]	a. 必要的,本质的
"	establish"	[is'tæbliʃ]	vt. 建立,设立,确立
"	estate"	[is'teit]	n. 房地产,财产,产业
"	estimate"	['estimit, 'estimeit]	vt. 估计,评价 n. 估计
"	evening"	['i:vniŋ]	n. 晚上
"	eventually"	[i'ventjuәli]	ad. 终于,最后
"	everybody"	['evribɔdi]	pron. 每人,人人
"	everyone"	['evriwʌn]	pron. 每人,人人
"	evidence"	['evidәns]	n. 根据,证据,证人
"	exact"	[ig'zækt]	a. 确切的,精确的
"	examine"	[ig'zæmin]	vt. 检查,仔细观察
"	excellent"	['eksәlәnt]	a. 优秀的,杰出的
"	except"	[ik'sept]	prep. 除…之外
"	exchange"	[iks'tʃeindʒ]	vt. 交换,交流 n. 交换
"	executive"	[ig'zekjutiv]	a. 执行的 n. 执行者
"	exercise"	['eksәsaiz]	n. 锻炼,训练 vi. 练习
"	exist"	[ig'zist]	vi. 存在,生存
"	expensive"	[iks'pensiv]	a. 昂贵的,花钱多的
"	expert"	['ekspә:t]	n. 专家 a. 熟练的
"	explain"	[iks'plein]	vt. 解释,为…辩解
"	export"	[eks'pɔ:t, 'ekspɔ:t]	vt. 输出,出口
"	express"	[iks'pres]	vt. 表示 n. 快车,快递
"	extend"	[iks'tend]	vt. 延长,扩大
"	extra"	['ekstrә]	a. 额外的 ad. 特别地
"	extremely"	[iks'tri:mli]	ad. 极其，非常
"	facility"	[fә'siliti]	n. 设备,容易,便利
"	factor"	['fæktә]	n. 因素,因子,系数
"	factory"	['fæktәri]	n. 工厂
"	failure"	['feiljә]	n. 失败,失败的人
"	fair"	[fɛә]	n. 定期集市,博览会
"	famous"	['feimәs]	a. 著名的
"	fan"	[fæn]	n. 扇子,风扇 vt. 扇
"	farm"	[fa:m]	n. 农场,农庄
"	farmer"	['fa:mә]	n. 农民,农场主
"	fashion"	['fæʃәn]	n. 样子,方式,风尚
"	fast"	[fa:st]	a. ad. 快速的,紧紧的
"	fat"	[fæt]	a. 肥胖的 n. 脂肪,肥肉
"	favour"	['feivә]	n. 关切；支持
"	favourite"	['feivәrit]	n. 特别喜爱的人(或物) a. 最爱的
"	feature"	['fi:tʃә]	n. 特点,特性,面貌
"	February"	['februәri]	n. 二月
"	federal"	['fedәrәl]	a. 联邦的,联盟的
"	fee"	[fi:]	n. 费,酬金,赏金
"	feed"	[fi:d]	vt. 喂(养) vi. 吃饲料
"	feeling"	['fi:liŋ]	n. 感情,感觉,知觉
"	fellow"	['felәu]	n. 人,家伙,伙伴
"	female"	['fi:meil]	n. a. 女性的,雌性的
"	festival"	['festәvәl]	n. 节日,音乐节
"	field"	[fi:ld]	n. 田野,域,运动场
"	fifteenth"	['fif'ti:nθ]	a.  第十五的
"	fifth"	[fifθ]	num. 第五 n. 五分之一
"	fiftieth"	['fiftiiθ]	num. 第五十(个)
"	file"	[fail]	n. 档案 vt. 把…归档
"	fill"	[fil]	vt. 装满,盛满,占满
"	finally"	['fainәli]	ad. 最后,不可更改的
"	finance"	[fai'næns, fi-]	n. 财政,金融,财源
"	fine"	[fain]	a. 美好的,纤细的
"	finger"	['fiŋgә]	n. 手指
"	finish"	['finiʃ]	vt. 完成,结束 n. 结束
"	fire"	['faiә]	n. 火 vi. 开火 vt. 解雇
"	fish"	[fiʃ]	n. 鱼,鱼肉 vi. 钓鱼
"	fit"	[fit]	vt. vi. 适合,安装
"	flat"	[flæt]	n. 一套房间,单元住宅
"	flight"	[flait]	n. 航班,飞行,逃跑
"	floor"	[flɔ:]	n. 地板,楼层
"	flow"	[flәu]	vi. 流动,飘扬,涨潮
"	flower"	['flauә]	n. 花
"	focus"	['fәukәs]	vi. 聚焦,注视 n. 焦点
"	following"	['fɔlәuiŋ]	a. 接着的,下列的
"	football"	['futbɔ:l]	n. 足球
"	forget"	[fә'get]	vt. 忘记
"	form"	[fɔ:m]	n. 形式,形状 vt. 形成
"	formal"	['fɔ:mәl]	a. 正式的,礼仪上的
"	fortieth"	['fɔ:tiiθ]	a.  第四十的,第四十个的,四十分之一的
"	forward"	['fɔ:wәd]	ad. 向前,今后
"	found"	[faund]	vt. 创立,创办
"	fourteenth"	['fɔ:'ti:nθ]	num.  第十四
"	fourth"	[fɔ:θ]	num. 第四
"	freedom"	['fri:dәm]	n. 自由
"	frequent"	['fri:kwәnt]	a. 经常的
"	fresh"	[freʃ]	a. 新的,新鲜的
"	Friday"	['fraidi]	n. 星期五
"	fruit"	[fru:t]	n. 水果,果实,成果
"	fuel"	[fjuәl]	n. 燃料 vt. 给…加燃料
"	fully"	['fuli]	ad.  十分地,完全地
"	fun"	[fʌn]	n. 乐趣,娱乐,玩笑
"	function"	['fʌŋkʃәn]	n. 功能,职务,函数
"	gain"	[gein]	vt. 获得,增加 n. 增进
"	garden"	['ga:dn]	n. 花园,菜园,公园
"	gas"	[gæs]	n. 煤气,气体
"	gather"	['gæðә]	vi. 聚集,集合 vt. 收集
"	gay"	[gei]	a. 快乐的,鲜明的
"	generally"	['dʒenәrәli]	ad. 一般地,通常地
"	generation"	[dʒenә'reiʃәn]	n. 一代,一代人,产生
"	glass"	[gla:s]	n. 玻璃,玻璃杯
"	goal"	[gәul]	n. 球门,得分,目的
"	god"	[gɔd]	n. 上帝
"	gold"	[gәuld]	n. 黄金 a. 金制的
"	gone"	[gɔn]	a.  离去的,死去的,用完的
"	goods"	[gudz]	n. 货物,商品
"	governor"	['gʌvәnә]	n. 统治者,管理者,理事
"	grand"	[grænd]	a. 宏伟的,重大的
"	grant"	[gra:nt]	n. vt. 授予,允许
"	growth"	[grәuθ]	n. 增长,生长
"	guarantee"	[gærәn'ti:]	n. 保证,担保物
"	guard"	[ga:d]	vt. 守卫,看守 n. 卫兵
"	guess"	[ges]	vt. vi. n. 猜测,推测
"	guest"	[gest]	n. 客人,宾客
"	guide"	[gaid]	n. 导游 vt. 指导
"	gun"	[gʌn]	n. 枪,炮,手枪
"	guy"	[gai]	n.  家伙,人
"	hadn't"	['hædnt]	had not 之略
"	hair"	[hɛә]	n. 头发,毛发
"	hand"	[hænd]	n. 手,人手
"	handle"	['hændl]	n. 柄,把手 vt. 处理
"	hang"	[hæŋ]	vt. 悬挂,吊死
"	happy"	['hæpi]	a. 快乐的,幸福的
"	hardly"	['ha:dli]	ad. 几乎不,简直不
"	hasn't"	['hæznt]	has not 之略
"	haven't"	['hævnt]	没有
"	heart"	[ha:t]	n. 心脏,内心
"	heat"	[hi:t]	n. 热,炎热 vt. 加热
"	heavy"	['hevi]	a. 重的,大的
"	he'd"	[hi:d, hid]	he had,he would 之略
"	highly"	['haili]	ad. 高度地,很,非常
"	hold"	[hәuld]	vt. 拿住,掌握,拥有
"	hole"	[hәul]	n. 洞,孔眼
"	holiday"	['hɔlәdi]	n. 假日,节日,假期
"	horse"	[hɔ:s]	n. 马
"	hostage"	['hɔstidʒ]	n. 人质,抵押品
"	hot"	[hɔt]	a. 热的,刺激的,辣的
"	hotel"	[hәu'tel]	n. 旅馆
"	housing"		n.  供给住宅,住宅群
"	huge"	[hju:dʒ]	a. 巨大的,庞大的
"	hurt"	[hә:t]	vt. 使受伤,使伤心
"	husband"	['hʌzbәnd]	n. 丈夫
"	ice"	[ais]	n. 冰
"	ideal"	[ai'diәl]	a. 理想的,观念的
"	identify"	[ai'dentifai]	vt. 认出,识别,鉴定
"	ignore"	[ig'nɔ:]	vt. 不顾,不理,忽视
"	ill"	[il]	a. 有病的
"	image"	['imidʒ]	n. 图像,形象,映象
"	imagine"	[i'mædʒin]	vt. 想象,设想,料想
"	immediate"	[i'mi:djәt]	a. 立即的,直接的
"	immediately"	[i'mi:djәtli]	adv.  立即,马上,直接地
"	impact"	['impækt]	n. 影响,作用,冲击
"	import"	[im'pɔ:t 'impɔ:t]	vt. n. 输入,进口
"	impose"	[im'pәuz]	vt. 把…强加,征(税)
"	impossible"	[im'pɔsәbl]	a. 不可能的
"	improve"	[im'pru:v]	vi. 改善,提高
"	incident"	['insidәnt]	n. 事件
"	income"	['inkʌm]	n. 收入,收益
"	increasingly"	[in'kri:siŋli]	ad. 日益,越来越多地
"	indeed"	[in'di:d]	ad. 真正地,确实
"	indicate"	['indikeit]	vt. 标示,表示,表明
"	individual"	[indi'vidjuәl]	a. 个别的,独特的 n. 个人
"	industrial"	[in'dʌstriәl]	a. 工业的,产业的
"	inflation"	[in'fleiʃәn]	n. 胀大,夸张,通货膨胀
"	influence"	['influәns]	n. 影响,势力 vt. 影响
"	injury"	['indʒәri]	n. 损害,伤害,受伤处
"	inside"	[in'said]	prep. 在…里面 n. 内部
"	insist"	[in'sist]	vi. 坚持,坚持要求
"	inspire"	[in'spaiә]	vt. 鼓舞,给…以灵感
"	instance"	['instәns]	n. 例子,实例,事例
"	instead"	[in'sted]	ad. 代替,顶替
"	institute"	['institju:t]	n. 研究所,学院
"	institution"	[insti'tju:ʃәn]	n. 协会,制度,习俗
"	insurance"	[in'ʃuәrәns]	n. 保险,保险费
"	intend"	[in'tend]	vt. 想要,打算,意指
"	interested"	['intristid]	a. 有兴趣的；感兴趣的
"	interview"	['intәvju:]	n. 接见,会见,面谈
"	introduce"	['intrә'dju:s]	vt. 介绍,引进,发布
"	investigate"	[in'vestigeit]	vt. vi. 调查
"	investment"	[in'vestmәnt]	n. 投资,投入
"	investor"	[in'vestә]	n. 投资者
"	invite"	[in'vait]	vt. 邀请,聘请
"	involve"	[in'vɔlv]	vt. 使卷入,牵涉
"	involved"		adj.  卷入的，有密切关系的
"	island"	['ailәnd]	n. 岛屿
"	item"	['aitәm]	n. 条,条款,一条
"	January"	['dʒænjuәri]	n. 一月
"	joint"	[dʒɔint]	n. 接头,接缝,关节
"	journal"	['dʒә:nl]	n. 日报,杂志,日志
"	journalist"	['dʒә:nәlist]	n. 记者,新闻工作者
"	judge"	[dʒʌdʒ]	n. 法官,裁判员
"	July"	[dʒu:'lai]	n. 七月
"	jump"	[dʒʌmp]	vi. 跳,暴涨 vt. 跳过
"	June"	[dʒu:n]	n. 六月
"	justice"	['dʒʌstis]	n. 正义,公正,司法
"	key"	[ki:]	n. 钥匙,键,答案
"	kick"	[kik]	vi. vt. n. 踢
"	kid"	[kid]	n. 小孩,儿童,少年
"	king"	[kiŋ]	n. 国王，君主
"	kitchen"	['kitʃin]	n. 厨房
"	knowledge"	['nɔlidʒ]	n. 知识，学识；消息
"	lack"	[læk]	vt. 缺乏,不足n. 短缺的东西
"	lady"	['leidi]	n. 女士,贵妇人
"	language"	['læŋgwidʒ]	n. 语言
"	largely"	['la:dʒli]	ad. 大部分
"	last"	[la:st]	vi. 持续a. 最后的ad. 最后n. 最后,末尾
"	latest"	['leitist]	a.  最近的
"	launch"	[lɔ:ntʃ]	vt. 发射,发动n. 发射
"	lawyer"	['lɔ:jә]	n. 律师
"	lay"	[lei]	vt. 放置, 摆;产卵n. 位置
"	leadership"	['li:dәʃip]	n. 领导
"	leading"	['li:diŋ]	a. 领导的;领先的　
"	league"	[li:g]	n. 同盟,联盟
"	leg"	[leg]	n. 腿
"	legal"	['li:gl]	a. 合法的
"	length"	[leŋθ]	n. 长度
"	let's"	[lets]	让我们
"	liberal"	['libәrәl]	a. 慷慨的
"	lie"	[lai]	vi. 说谎;躺,平放n. 谎话
"	lift"	[lift]	vt. 提起,提高vi. 升起;(指雾等)消散n. 电梯, 起重机
"	light"	[lait]	vt. 点燃, 照亮a. 轻的;浅的n. 光线;灯
"	limit"	['limit]	vt. 限制, 限定n. 限度,限制
"	link"	[liŋk]	vt. 连接n. 联系
"	listen"	['lisn]	vi. 听；听从
"	loan"	[lәun]	n. 贷款,暂借vt. 借出
"	long-term"		a.  长期的
"	lord"	[lɔ:d]	n. 贵族;上帝
"	loss"	[lɔs]	n. 遗失;失败；损失
"	lunch"	[lʌntʃ]	n. 午餐
"	machine"	[mә'ʃi:n]	n. 机器
"	magazine"	[mægә'zi:n]	n. 杂志,期刊
"	mainly"	['meinli]	ad. 主要地
"	maintain"	[mein'tein]	vt. 维持
"	majority"	[mә'dʒɔriti]	n. 多数
"	maker"	['meikә]	n. 制造商
"	male"	[meil]	a. 男的,雄的
"	manage"	['mænidʒ]	vt. 管理,控制
"	management"	['mænidʒmәnt]	n. 管理,经营
"	manager"	['mænidʒә]	n. 经理
"	March"	[ma:tʃ]	n. 三月
"	mark"	[ma:k]	n. 记号;分数；痕迹vt. 标明；打分vi. 作记号
"	marriage"	['mæridʒ]	n. 婚姻
"	marry"	['mæri]	vt. 娶,嫁vi. 结婚
"	mass"	[mæs]	n. 大量；群众
"	master"	['ma:stә]	vt. 精通，掌握n. 主人;能手;硕士
"	material"	[mә'tiәriәl]	n. 材料,原料；素材a. 物质的
"	May"	[mei]	aux. 也许;可以;祝愿n. 五月
"	maybe"	['meibi:]	ad. 大概,也许
"	means"	[mi:nz]	n. 方法,手段
"	meanwhile"	['mi:n'wail]	ad. 同时,当时
"	measure"	['meʒә]	vt. 量,测量n. 测量;措施
"	media"	['mi:diә]	n.  媒体
"	medical"	['medikәl]	a. 医学的
"	memory"	['memәri]	n. 记忆；回忆
"	mention"	['menʃәn]	vt. 提及,说起n. 提及,说起
"	message"	['mesidʒ]	vt. 通知n. 信息,消息；便条，口信
"	method"	['meθәd]	n. 方法,办法
"	mile"	[mail]	n. 英里
"	millionth"	['mIljәnθ]	a.  第一百万的,百万分之一的
"	ministry"	['ministri]	n. (政府的)部
"	minority"	[mai'nɔriti]	n. 少数派;少数民族
"	Miss"	[mis]	vt. 错过;惦念；省略掉
"	mission"	['miʃәn]	n. 使命,任务
"	mistake"	[mis'teik]	n. 错误，过失vi. 误解,误认为
"	mix"	[miks]	vt. 使混合;混淆
"	model"	['mɔdl]	n. 模型；模式；模特儿；模范
"	modern"	['mɔdәn]	a. 现代的
"	Monday"	['mʌndi]	n. 星期一
"	mortgage"	['mɔ:gidʒ]	n. 抵押vt. 抵押
"	motor"	['mәutә]	n. 发动机,机动车
"	mountain"	['mauntin]	n. 山脉
"	mouth"	[mauθ]	n. 嘴
"	movement"	['mu:vmәnt]	n. 动作；活动；移动
"	movie"	['mu:vi]	n. 电影
"	murder"	['mә:dә]	n. 谋杀vt. 谋杀
"	museum"	[mju:'ziәm]	n. 展览馆
"	Muslim"	['muslim]	n. &a. 穆斯林(的)，伊期兰教徒(的)
"	myself"	[mai'self]	pron. 我自己
"	narrow"	['nærәu]	a. 狭的,狭窄的
"	nationalist"	['næʃәnәlist]	n. 民族主义者 a. 国家主义的
"	natural"	['nætʃәrәl]	a. 天然的；自然的　
"	nature"	['neitʃә]	n. 大自然;本性
"	nearly"	['niәli]	ad. 差不多
"	necessary"	['nesisәri]	a. 必要的,必然的
"	negotiate"	[ni'gәuʃieit]	vi. 谈判,议定
"	negotiation"	[nigәuʃi'eiʃәn]	n. 谈判, 磋商
"	neither"	['naiðә, 'ni:ðә]	a. (两者)都不的pron. 两者都不conj.  也不
"	network"	['netwә:k]	n. 网状物；网络
"	newspaper"	['nju:zpeipә]	n. 报纸
"	nice"	['nais]	a. 美好的,令人愉快的
"	nineteenth"	['nain'ti:nθ]	num. 第十九
"	ninetieth"	['n:intiiθ]	a.  第九十,九十分之一
"	ninth"	[nainθ]	num. 第九
"	nobody"	['nәubәdi]	pron. 没有人n. 无足轻重的人
"	none"	[nʌn]	pron. 没有人ad. 毫不a. 没有的
"	no one"		n.  没有人
"	nor"	[nɔ:]	conj. 也不
"	normal"	['nɔ:ml]	a. 正常的,普通的
"	north-east"		n.  东北方
"	north-west"		n.  西北
"	note"	[nәut]	n. 笔记;便条;注释；钞票vt. 记录；留意
"	notice"	['nәutis]	vt. 注意n. 通知；注意
"	novel"	['nɔvәl]	n. 小说a. 新奇的，新颖的
"	November"	[nәu'vembә]	n. 十一月
"	nuclear"	['nju:kliә]	a. 原子核的;核心的
"	object"	['ɔbdʒikt әb'dʒekt]	vi. 反对n. 物体；目的
"	obvious"	['ɔbviәs]	a. 显而易见的
"	obviously"	['ɔbviәsli]	ad. 明显地
"	occasion"	[ә'keiʒәn]	n. 场合；时机；盛大的活动
"	occupy"	['ɔkjupai]	vt. 占领,占有；忙碌
"	occur"	[ә'kә:]	vi. 发生
"	October"	[ɔk'tәubә]	n. 十月
"	odd"	[ɔd]	a. 奇数的;古怪的
"	okay"	['әu'kei]	a. 好的ad. 好
"	opinion"	[ә'pinjәn]	n. 意见,看法
"	opportunity"	[ɔpә'tju:niti]	n. 机会
"	opposition"	[ɔpә'ziʃәn]	n. 敌对；相对
"	option"	['ɔpʃәn]	n. 选择
"	order"	['ɔ:dә]	n. 命令;次序；治安，秩序vt. 命令;定购
"	organization"	[ɔ:gәnai'zeiʃәn]	n. 组织,机构
"	organize"	['ɔ:gәnaiz]	vt. 组织,编组
"	original"	[ә'ridʒәnәl]	a. 最初的;新颖的n. 创新
"	otherwise"	['ʌðәwaiz]	ad. 另外,要不然
"	overall"	['әuvәrɔ:l]	n. 罩衫a. 全面的；全部的
"	owner"	['әunә]	n. 物主
"	pack"	[pæk]	vt. 捆扎，打包；挤满n. 包
"	package"	['pækidʒ]	n. 包裹
"	pain"	[pein]	n. 痛苦;疼痛
"	paint"	[peint]	n. 油漆; 颜料vt. 画;油漆vi. 绘画;油漆
"	painting"	['peintiŋ]	n. 油画;绘画
"	pair"	[pɛә]	n. 一对（夫妇）vi. 配对
"	park"	[pa:k]	n. 公园;停车场vt. 停车　
"	parliament"	['pa:lәmәnt]	n. 议会,国会
"	particular"	[pә'tikjulә]	a. 特殊的,特定的
"	particularly"	[pә'tikjulәli]	ad. 特别,尤其
"	partner"	['pa:tnә]	n. 伙伴,搭挡，合伙人;配偶
"	patient"	['peiʃәnt]	a. 耐心的n. 病人
"	pattern"	['pætәn]	n. 式样,模型
"	payment"	['peimәnt]	n. 支付,付款
"	perfect"	['pә:fikt, 'pә:fekt]	vt. 改善a. 完美的
"	perform"	[pә'fɔ:m]	vt. 执行;演出
"	performance"	[pә'fɔ:mәns]	n. 履行;表演；表现
"	period"	['piәriәd]	n. 时期;句号
"	personal"	['pә:sәnl]	a. 私人的,本人的
"	phone"	[fәun]	n. 电话vt. 打电话
"	photograph"	['fәutәgra:f]	n. 照片
"	physical"	['fizikәl]	a. 身体的;物质的；物理的
"	pick"	[pik]	vt. 拾；采摘；挑选
"	picture"	['piktʃә]	n. 图片，照片vt. 想象；描绘
"	piece"	[pi:s]	n. 片,块
"	plane"	[plein]	n. 平面;飞机
"	please"	[pli:z]	vt. 使高兴ad. 请　vi. 愿意，喜欢
"	plus"	[plʌs]	prep. 加,加上a. 正的
"	politician"	[pɔli'tiʃәn]	n. 政治家
"	politics"	['pɔlitiks]	n. 政治
"	poll"	[pәul]	n. 投票，民意测验vi. 投票
"	poor"	[puә]	a. 贫穷的；可怜的
"	popular"	['pɔpjulә]	a. 流行的
"	population"	[pɔpju'leiʃәn]	n. 人口
"	positive"	['pɔzәtiv]	a. 确定的;积极的;正的
"	possibility"	[pɔsә'biliti]	n. 可能性
"	possibly"	['pɔsәbli]	ad. 可能地,也许
"	post"	[pәust]	vt. 投递；公告n. 邮寄；柱；职位
"	potential"	[pә'tenʃәl]	a. 潜在的n. 潜能
"	powerful"	['pauәful]	a. 强有力的
"	practice"	['præktis]	vt. 练习,训练
"	prefer"	[pri'fә:]	vt. 宁可,宁愿
"	prepare"	[pri'pɛә]	vt. 预备vi. 准备
"	prepared"	[pri'pɛәd]	a.  准备好的,精制的
"	presence"	['prezns]	n. 出席;存在
"	present"	['preznt]	a. 目前的；出席的；礼物，赠品n. 现在vt. 赠送；呈现
"	pretty"	['priti]	ad. 相当地a. 漂亮的
"	prevent"	[pri'vent]	vt. 预防,阻止
"	previous"	['pri:vjәs]	a. 以前的ad. 以前
"	prince"	['prins]	n. 王子
"	princess"	[prin'ses]	n. 公主
"	principle"	['prinsәpl]	n. 原则,原理
"	print"	[print]	vt. 印刷,打印n. 字体；印刷品
"	prison"	['prizn]	n. 监狱,监禁
"	prisoner"	['priznә]	n. 囚犯
"	private"	['praivit]	a. 私人的,私下的；秘密的，不公开的
"	prize"	[praiz]	n. 奖赏,奖金
"	production"	[prә'dʌkʃәn]	n. 产品；产量
"	professional"	[prә'feʃәnl]	a. 职业的n. 专业人员
"	professor"	[prә'fesә]	n. 教授
"	profit"	['prɔfit]	n. 利润vi. 得益
"	program"	['prәugræm]	n. 节目;大纲；程序
"	progress"	['prәugres, prә'gres]	n. 进展,进步
"	project"	[prә'dʒekt, 'prɔdʒekt]	n. 计划；工程；项目vi. 伸出vt. 设计，规划
"	promise"	['prɔmis]	n. 诺言vt. 允诺
"	promote"	[prә'mәut]	vt. 促进,提升；推销
"	proper"	['prɔpә]	a. 适合的，正当的
"	property"	['prɔpәti]	n. 财产,资产
"	proposal"	[prә'pәuzәl]	n. 建议;求婚
"	propose"	[prә'pәuz]	vt. 提议；推荐vi. 求婚
"	prospect"	['prɔspekt, prәs'pekt]	n. 前景,前程；景色
"	Protect"	[prә'tekt]	vt. 保护,保卫
"	protection"	[prә'tekʃәn]	n. 保护,警戒；护照，通行证
"	Protest"	[prә'test, 'prәutest]	vt. 抗议vi. 抗议, 反对n. 抗议
"	Prove"	[pru:v]	vt. 证明vi. 结果是，原来是
"	publish"	['pʌbliʃ]	vt. 公布,发表；出版，刊印
"	Pull"	[pul]	vt. 拉,拖n. 拉;牵引力
"	purchase"	['pә:tʃәs]	vt. 购买n. 购买；赃物
"	purpose"	['pә:pәs]	n. 目的,意图
"	Push"	[puʃ]	vt. 推, 推动vi. 推n. 推力；促进
"	quality"	['kwɔliti]	n. 质量；特性
"	quarter"	['kwɔ:tә]	n. 四分之一;一刻钟；季度
"	queen"	[kwi:n]	n. 王后,女王
"	quiet"	['kwaiәt]	a. 安静的vt. 使安静
"	quote"	[kwәut]	vt. 引用,引证;报价
"	radical"	['rædikәl]	a. 基本的;激进的n. 激进分子
"	rain"	[rein]	n. 雨,雨水vi. 下雨
"	range"	[reindʒ]	vi. 变动，变化n. 范围
"	rapid"	['ræpid]	a. 快的n. 急流
"	reaction"	[ri'ækʃәn]	n. 反应
"	reader"	['ri:dә]	n. 读者；读物
"	ready"	['redi]	a. 准备好的；愿意的；就要. . . 的
"	reality"	[ri'æliti]	n. 现实；真实
"	realize"	['riәlaiz]	vt. 实现；认识到
"	rebel"	['rebәl, ri'bel]	vi. 造反n. 造反者
"	recall"	[ri'kɔ:l]	vt. 回想;召回,收回
"	recently"	['ri:sntli]	ad. 最近,新近
"	recession"	[ri'seʃәn]	n. 衰退,不景气
"	recognize"	['rekәgnaiz]	vt. 认出,识别
"	recommend"	[rekә'mend]	vt. 推荐
"	reduce"	[ri'dju:s]	vt. 减少,减小
"	refer"	[ri'fә:]	vt. 求助于vi. 谈到；参考，查阅
"	reflect"	[ri'flekt]	vt. 反射,反映;思考
"	reform"	[ri'fɔ:m]	n. 改革,改良vt. 改革, 革新
"	refugee"	[refju:'dʒi:]	n. 难民
"	refuse"	[ri'fju:z]	vt. 拒绝
"	regard"	[ri'ga:d]	vt. 把…看作;尊敬n. 敬意，问候
"	region"	['ri:dʒәn]	n. 地区;领域
"	regional"	['ri:dʒәnl]	adj. 地区的，区域的
"	regular"	['regjulә]	a. 规则的,整齐的;定期的，常规的
"	reject"	[ri'dʒekt]	vt. 拒绝;丢掉;驳回
"	relation"	[ri'leiʃәn]	n. 关系,联系；亲属，亲戚
"	relationship"	[ri'leiʃәnʃip]	n. 关系,联系
"	relief"	[ri'li:f]	n. 减轻;救济,援救
"	religious"	[ri'lidʒәs]	a. 宗教的；虔诚的
"	remove"	[ri'mu:v]	vt. 移动；搬迁
"	repeat"	[ri'pi:t]	vt. 重说,重做n. 重复
"	replace"	[ri'pleis]	vt.  取代,替换
"	reply"	[ri'plai]	vi. 回答,答复n. 答复
"	reporter"	[ri'pɔ:tә]	n. 记者
"	reporting"		n.  报告
"	represent"	[repri'zent]	vt. 描绘;代表,象征
"	representative"	[repri'zentәtiv]	a. 代表性的n. 代表；代理人
"	republic"	[ri'pʌblik]	n. 共和国
"	republican"	[ri'pʌblikәn]	a. 共和的n. 共和党人
"	request"	[ri'kwest]	n. 请求,要求vt. 请求,要求
"	require"	[ri'kwaiә]	vt. 需要,要求;命令
"	reserve"	[ri'zә:v]	vt. 储备,保留;预定
"	resident"	['rezidәnt]	a. 居住的n. 居民
"	resolution"	[rezә'lju:ʃәn]	n. 坚定;决议；解决
"	resource"	[ri'sɔ:s]	n. 资源
"	respect"	[ris'pekt]	vt. 尊敬,尊重n. 尊敬
"	respond"	[ris'pɔnd]	vi. 回答；响应
"	response"	[ris'pɔns]	n. 回答；响应
"	responsibility"	[rispɔnsә'biliti]	n. 责任,职责
"	responsible"	[ris'pɔnsәbl]	a. 有责任的;尽责的
"	rest"	[rest]	vi. 休息；靠n. 其余的人（事物）；休息
"	restaurant"	['restәrɔnt]	n. 餐馆,饭店
"	reveal"	[ri'vi:l]	vt. 展现;揭露
"	review"	[ri'vju:]	vt. 复习；回顾n. 复习；回顾
"	rich"	[ritʃ]	a. 有钱的；丰富的；肥沃的
"	ride"	[raid]	vi. 骑马,乘车n. 骑马,乘车
"	right"	[rait]	a. 正确的;右边的ad. 对；正好；径直n. 正确；权利；右面
"	ring"	[riŋ]	vi. 鸣;按铃，敲钟vt. 打电话给；按铃，敲钟n. 铃声；戒指，环
"	risk"	[risk]	n. 风险,危险vt. 冒险
"	rival"	['raivәl]	n. 竞争者a. 竞争的
"	river"	['rivә]	n. 河
"	rock"	[rɔk]	vt. 摇摆;使动摇vi. 摇, 摇动n. 岩石,石头
"	roll"	[rәul]	vi. 滚动,转动n. 一卷；名册
"	round"	[raund]	a. 圆的，球形的ad. 在周围n. 一圈（周）；一回合
"	route"	[ru:t]	n. 路,路线
"	royal"	['rɔiәl]	a. 皇家的
"	running"	['rʌniŋ]	n. 跑，跑步；(机器等)开动；经营
"	sad"	[sæd]	a. 悲哀的
"	safe"	[seif]	a. 安全的；可靠的n. 保险箱
"	safety"	['seifti]	n. 安全,保险
"	sanction"	['sæŋkʃәn]	n. 国际制裁
"	Saturday"	['sætәdi]	n. 星期六
"	scale"	[skeil]	n. 比例；规模
"	scene"	[si:n]	n. 情景；景色
"	schedule"	['ʃedju:l]	vt. 安排n. 时间表,计划表
"	scheme"	[ski:m]	n. 计划;诡计
"	science"	['saiәns]	n. 科学
"	scientist"	['saiәntist]	n. 科学家
"	score"	[skɔ:]	vt. 得分；记分n. 得分,成绩；二十
"	screen"	[skri:n]	n. 屏幕 ；屏风vt. 掩蔽
"	sea"	[si:]	n. 海洋
"	search"	[sә:tʃ]	vt. 搜查,查找
"	seat"	[si:t]	n. 座位vt. 就坐
"	secret"	['si:krit]	n. 秘密a. 秘密的,隐蔽的
"	section"	['sekʃәn]	n. 切片;部门；章节
"	sector"	['sektә]	n. 扇形；部门
"	secure"	[si'kjuә]	a. 安全的
"	seed"	[si:d]	n. 种(子),籽
"	senior"	['si:njә]	a. 年长者；资格老的
"	sentence"	['sentәns]	n. 判决;句子vt. 宣判，判决
"	separate"	['sepәreit, 'sepәrit]	a. 分离的,个别的
"	September"	[sep'tembә]	n. 九月
"	series"	['siәri:z]	n. 连续；系列
"	serve"	[sә:v]	vt. 服务;招待
"	session"	['seʃәn]	n. 会议;一段时间
"	settle"	['setl]	vt. 安排,安放；解决vi. 定居
"	settlement"	['setlmәnt]	n. 解决,处理
"	set-up"		n.  组织；结构
"	seventeenth"	['sevәn'ti:nθ]	num.  第十七,十七分之一的
"	seventh"	['sevәnθ]	num.  第七
"	seventieth"	['sevntiiθ]	num.  第七十,七十分之一的
"	severe"	[si'viә]	a. 严厉的；严峻的
"	sex"	[seks]	n. 性别,性
"	sexual"	['seksjuәl]	a. 性的;性别的
"	shake"	[ʃeik]	vt. 摇动n. 摇动
"	shall"	[ʃæl, ʃәl]	aux. 将要;应该
"	shape"	[ʃeip]	n. 形状vt. 形成
"	sharp"	[ʃa:p]	ad. （时刻）整a. 锋利的;敏锐的；刺耳的
"	she'd"	[ʃid, ʃi:d]	she had/woud 之略
"	she's"		n.  她是
"	ship"	[ʃip]	vt. 装上船n. 大船
"	shock"	[ʃɔk]	n. 冲击；震惊；电击vi. 震动
"	shoot"	[ʃu:t]	vt. 发射;射门，投篮n. 发芽
"	shop"	[ʃɔp]	n. 商店,店铺;车间
"	shot"	[ʃɔt]	n. 射击，发射；投篮
"	shoulder"	['ʃәuldә]	n. 肩膀vt. 挑起,肩负
"	sight"	[sait]	n. 视力;情景；名胜
"	significant"	[sig'nifikәnt]	n. 有意义的,重要的
"	similar"	['similә]	a. 相似的,类似的
"	simple"	['simpl]	a. 简单的;朴素的
"	simply"	['simpli]	ad. 简单地;朴素地；仅仅，只不过
"	sing"	[siŋ]	vt. 唱,演唱vi. 演唱
"	site"	[sait]	n. 位置,场所
"	sixth"	[siksθ]	num. 第十六
"	sixtieth"	['sikstiiθ]	num.  第六十,六十分之一
"	size"	[saiz]	vt. 估量（计）n. 大小,体积
"	skill"	[skil]	n. 技能,技巧
"	skin"	[skin]	vt. 剥皮n. 皮, 皮肤;兽皮
"	sleep"	[sli:p]	n. 睡眠vi. 睡觉
"	slightly"	['slaitli]	ad. 轻微地
"	slip"	[slip]	vi. 滑倒,滑落;溜n. 疏忽，口误，笔误
"	slow"	[slәu]	a. 慢的
"	smile"	[smail]	vi. 微笑n. 微笑,笑容
"	smoke"	[smәuk]	n. 烟;抽烟vi. 冒烟
"	soft"	[sɔft]	a. 软的;柔和的
"	soldier"	['sәuldʒә]	n. 士兵,军人
"	solution"	[sә'lju:ʃәn]	n. 解决,解答
"	somebody"	['sʌmbәdi]	pron. 某人,有人n. 大人物
"	someone"	['sʌmwʌn]	pron. 某人,有人
"	sometimes"	['sʌmtaimz]	ad. 有时
"	song"	[sɔŋ]	n. 歌曲
"	sorry"	['sɔri]	a. 难过的;对不起的
"	source"	[sɔ:s]	n. 源泉；出处
"	southern"	['sʌðәn]	a. 南方的,南部的
"	south-west"		n. 西南
"	space"	[speis]	vt. 把. . . 分隔开n. 场地；太空；间距
"	specific"	[spi'sifik]	a. 特有的;具体的
"	speech"	[spi:tʃ]	n. 言语;演说
"	speed"	[spi:d]	n. 快;速度vt. 加快
"	spirit"	['spirit]	n. 精神;情绪
"	split"	[split]	vt. 劈开
"	spokesman"	['spәuksmәn]	n. 发言人
"	sport"	[spɔ:t]	n. 运动；运动会
"	spot"	[spɔt]	vt. 认出，发现n. 点,斑点;地点
"	spread"	[spred]	vt. 伸开；传播n. 传播
"	spring"	[spriŋ]	vi. 跳跃n. 春天；弹簧
"	square"	[skwɛә]	n. 正方形;广场
"	stable"	['steibl]	a. 稳定的，安定的n. 马厩,马棚
"	stake"	[steik]	n. 赌注；赌金
"	standard"	['stændәd]	n. 标准，规格a. 标准的，权威的
"	statement"	['steitmәnt]	n. 陈述;声明
"	station"	['steiʃәn]	n. 站,局
"	status"	['steitәs]	n. 状态，状况;地位,身分
"	sterling"	['stә:liŋ]	a. 货真价实的
"	stick"	[stik]	n. 棍,棒vt. 刺;粘贴
"	stone"	[stәun]	n. 石头
"	store"	[stɔ:]	vt. 储藏n. 贮藏;商店
"	straight"	[streit]	a. 直的;正直的ad. 直接地
"	strange"	[streindʒ]	a. 陌生的；奇怪的
"	strategy"	['strætidʒi]	n. 战略,策略
"	strength"	[streŋθ]	n. 力量,力气
"	stress"	[stres]	n. 压力;重音vt. 着重,强调
"	strike"	[straik]	vt. 打,击;罢工n. 罢工;打击;殴打
"	structure"	['strʌktʃә]	n. 结构；建筑物vt. 建造
"	struggle"	['strʌgl]	n. 斗争；奋斗vi. 斗争；奋斗
"	studio"	['stju:diәu]	n. 工作室,播音室
"	stuff"	[stʌf]	n. 材料；资料vt. 装,填,塞
"	style"	[stail]	n. 风格,式样
"	subject"	['sʌbdʒikt, sʌb'dʒekt]	a. 受支配n. 题目;学科;主语
"	succeed"	[sәk'si:d]	vt. 继…之后vi. 成功；继任；接着发生
"	success"	[sәk'ses]	n. 成功；成功人士（例子）
"	successful"	[sәk'sesful]	a. 成功的
"	suddenly"	['sʌdnli]	ad. 突然
"	suffer"	['sʌfә]	vt. 遭受,忍受vi. 受害，受损失
"	suit"	[sju:t]	n. 起诉,诉讼vt. 适合
"	summer"	['sʌmә]	n. 夏季
"	summit"	['sʌmit]	n. 顶点；最高级会议
"	sun"	[sʌn]	n. 太阳
"	Sunday"	['sʌndi]	n. 星期日
"	supply"	[sә'plai]	vt. 供给,供应n. 供应（量）
"	suppose"	[sә'pәuz]	vt. 猜想,假定
"	supposed"	[sә'pәuzd]	adj.  > a.  想像的,假定的,传闻的; b.  → suppose  c, d
"	supreme"	[sju:'pri:m]	a. 最高的,最大的
"	surface"	['sә:fis]	n. 地面；外表
"	surround"	[sә'raund]	vt. 包围，环绕
"	survey"	[sә:'vei]	vt. 俯瞰
"	survive"	[sә'vaiv]	vt. 幸免于vi. 活下来
"	suspect"	[sәs'pekt, 'sʌspekt]	vt. 怀疑vi. 疑心
"	table"	['teibl]	n. 桌子;表格
"	talent"	['tælәnt]	n. 天才,才能
"	tape"	[teip]	n. 磁带,录音带
"	target"	['ta:git]	n. 靶;目标
"	task"	[ta:sk]	n. 任务,工作;作业
"	taste"	[teist]	vt. 尝;体验n. 味觉；鉴赏力
"	tea"	[ti:]	n. 茶
"	teach"	[ti:tʃ]	vt. 教；教训
"	tear"	[tiә, tɛә]	n. 泪滴, 眼泪vt. 撕开,撕裂
"	technique"	[tek'ni:k]	n. 技巧,技能
"	technology"	[tek'nɔlәdʒi]	n. 工艺,技术
"	telephone"	['telifәun]	n. 电话vi. 打电话
"	television"	['teliviʒәn]	n. 电视,电视机
"	tend"	[tend]	vi. 走向,趋向
"	tenth"	[tenθ]	num. 第十；十分之一
"	terrible"	['terәbl]	a. 可怕的;极度的
"	territory"	['teritәri]	n. 领土,版图
"	theatre"	['θiәtә]	n. 戏院
"	theory"	['θiәri]	n. 理论,学说
"	therefore"	['ðɛәfɔ:]	ad. 因此,所以
"	they'll"		n.  他们将
"	they've"		they have之略
"	thinking"	['θiŋkiŋ]	n. 思考;想法，见解
"	third"	[θә:d]	num. 第三
"	thirteenth"	['θә:'ti:nθ]	num.  第十三,十三分之一
"	thirtieth"	['θә:tiiθ]	num.  第三十,三十分之一
"	threat"	[θret]	n. 威胁,恐吓
"	threaten"	['θretn]	vt. 威胁,恐吓
"	throughout"	[θru:'aut]	prep. 遍及ad. 到处
"	throw"	[θrәu]	vt. 投,掷
"	Thursday"	['θә:zdi]	n. 星期四
"	thus"	[ðʌs]	ad. 如此,这样;因而
"	ticket"	['tikit]	n. 票,券
"	tie"	[tai]	n. 领带;联系；束缚vt. 系；束缚；连接
"	title"	['taitl]	n. 标题,题目;称号，头衔
"	tomorrow"	[tә'mɔrәu]	n. 明天；未来ad. 在明天
"	tonight"	[tә'nait]	n. 今夜
"	touch"	[tʌtʃ]	n. 触摸，接触；一点，少许；联系vt. 触摸；感动vi. 触摸，接触
"	tough"	[tʌf]	a. 坚韧的；健壮的
"	tour"	[tuә]	n. 旅行vi. 旅行,游历
"	track"	[træk]	n. 行踪,路径;轨道
"	traditional"	[trә'diʃәnl]	a. 传统的
"	train"	[trein]	vt. 训练n. 列车;队列
"	transfer"	[træns'fә:]	vt. 转移,调动；转让，过户vi. 转移；转学；转车
"	transport"	[træns'pɔ:t]	n. 运输vt. 运输
"	travel"	['trævl]	vi. 旅行n. 旅行
"	treat"	[tri:t]	vt. 对待,处理n. 款待
"	treatment"	['tri:tmәnt]	n. 待遇;治疗,疗法
"	treaty"	['tri:ti]	n. 条约,协定
"	tree"	[tri:]	n. 树
"	trial"	['traiәl]	n. 试验;审判
"	trip"	[trip]	vi. 绊,失足vt . 绊倒n. 旅行
"	troop"	[tru:p]	n. 军队
"	trouble"	['trʌbl]	n. 烦恼;困难vi. 烦恼
"	TRUE"	[tru:]	a. 真的
"	trust"	[trʌst]	n. 信任 ，依赖vt. 信任；委托
"	truth"	[tru:θ]	n. 真理;事实
"	Tuesday"	['tju:zdi]	n. 星期二
"	TV"	['ti:'vi:]	n. 电视
"	twelfth"	[twelfθ]	num. 第十二
"	twentieth"	['twentiiθ]	num. 第二十
"	type"	[taip]	n. 类型vi. 打字
"	unit"	['ju:nit]	n. 单位;单元;部件
"	unless"	['ʌn'les]	conj. 除非
"	unlikely"	[ʌn'laikli]	a. 不太可能的
"	upon"	[ә'pɔn]	prep. 在…上
"	urge"	[ә:dʒ]	vt. 推进;催促n. 冲动
"	use"	[ju:z, ju:s]	vt. 用, 使用n. 使用, 利用;用途
"	used"	[ju:zd, ju:st]	a. 用旧了的;习惯于…的
"	useful"	['ju:zful]	a. 有用的,有益的
"	usual"	['ju:ʒuәl]	a. 通常的,平常的
"	usually"	['ju:ʒuәli]	ad. 通常
"	variety"	[vә'raiәti]	n. 多样化,种类
"	various"	['vɛәriәs]	a. 各种各样的
"	vehicle"	['vi:ikl]	n. 车辆
"	version"	['vә:ʃәn]	n. 版本,译本
"	victim"	['viktim]	n. 牺牲者,受害者
"	victory"	['viktәri]	n. 胜利,战胜
"	video"	['vidiәu]	n. 录像a. 视频的
"	village"	['vilidʒ]	n. 乡村,村庄
"	violence"	['vaiәlәns]	n. 猛烈;暴力
"	voice"	[vɔis]	n. 说话声
"	volume"	['vɔljum]	n. 卷,册;容积;音量
"	voter"	['vәutә]	n.  选民,投票人
"	warm"	[wɔ:m]	a. 温暖的;热情的
"	warn"	[wɔ:n]	vt. 警告vi. 发出警告
"	waste"	[weist]	n. 浪费;废物,垃圾vt. 浪费
"	wave"	[weiv]	n. 波,波涛；起伏vi. 波动；挥手
"	weak"	[wi:k]	a. 弱的,软弱的
"	weapon"	['wepәn]	n. 武器
"	wear"	[wɛә]	vt. 穿戴;磨损
"	weather"	['weðә]	n. 天气
"	Wednesday"	['wenzdi]	n. 星期三
"	weekend"	['wi:kend]	n. 周末
"	weight"	[weit]	n. 重量
"	welcome"	['welkәm]	int. 欢迎n. 欢迎vt. 欢迎
"	we'll"		n.  我们将
"	weren't"		prep.  不是
"	whatever"	[wɔt'evә]	pron. 无论怎样
"	while"	[wail]	conj. 当…的时候;而
"	whom"	[hu:m]	pron. 谁
"	wild"	[waild]	a. 野生的;野蛮的n. 荒地
"	will"	[wil]	aux. 将要,会;愿意n. 意志；遗嘱
"	willing"	['wiliŋ]	a. 心甘情愿的
"	wind"	[wind, waind]	n. 风
"	window"	['windәu]	n. 窗户
"	wine"	[wain]	n. 葡萄酒
"	wing"	[wiŋ]	n. 翅膀
"	winner"	['winә]	n. 获胜者，成功者，优胜者
"	wish"	[wiʃ]	vt. 祝;想要n. 希望
"	withdraw"	[wið'drɔ:]	vt. 收回;撤退vi. 撤退
"	wonder"	['wʌndә]	n. 奇迹,惊奇vt. 惊奇;想知道
"	wonderful"	['wʌndәful]	a. 惊人的,极好的
"	wood"	[wud]	n. 树林,森林;木头
"	worry"	['wʌri]	vt. 使烦恼vi. 发愁
"	worth"	[wә:θ]	a. 值得的n. 价值
"	wound"	[wu:nd]	n. 创伤；伤口vt. 使受伤；伤害
"	writing"	['raitiŋ]	n. 书写；著作
"	wrong"	[rɔŋ]	a. 错误的ad. 错误地
"	yard"	[ja:d]	n. 码
"	yourself"	[jɔ:'self]	pron. 你自己
"	youth"	[ju:θ]	n. 青春;青年
"	tion"	[rekә^'niʃәn]	n. 认出,识别
